square_id,row,col,top_left,top_right,bottom_right,bottom_left,center_lat,center_lon,center_dist_nm,bearing_from_buoy_deg,wkt
1,1,1,"(37.541112, -123.115751)","(37.541112, -123.063334)","(37.499445, -123.063334)","(37.499445, -123.115751)",37.520279,-123.089542,14.14,315.0,"POLYGON((-123.115751 37.541112, -123.063334 37.541112, -123.063334 37.499445, -123.115751 37.499445, -123.115751 37.541112))"
2,1,2,"(37.541112, -123.063334)","(37.541112, -123.010917)","(37.499445, -123.010917)","(37.499445, -123.063334)",37.520279,-123.037125,12.5,323.1,"POLYGON((-123.063334 37.541112, -123.010917 37.541112, -123.010917 37.499445, -123.063334 37.499445, -123.063334 37.541112))"
3,1,3,"(37.541112, -123.010917)","(37.541112, -122.958500)","(37.499445, -122.958500)","(37.499445, -123.010917)",37.520279,-122.984708,11.18,333.4,"POLYGON((-123.010917 37.541112, -122.958500 37.541112, -122.958500 37.499445, -123.010917 37.499445, -123.010917 37.541112))"
4,1,4,"(37.541112, -122.958500)","(37.541112, -122.906083)","(37.499445, -122.906083)","(37.499445, -122.958500)",37.520279,-122.932291,10.31,346.0,"POLYGON((-122.958500 37.541112, -122.906083 37.541112, -122.906083 37.499445, -122.958500 37.499445, -122.958500 37.541112))"
5,1,5,"(37.541112, -122.906083)","(37.541112, -122.853665)","(37.499445, -122.853665)","(37.499445, -122.906083)",37.520279,-122.879874,10.0,0.0,"POLYGON((-122.906083 37.541112, -122.853665 37.541112, -122.853665 37.499445, -122.906083 37.499445, -122.906083 37.541112))"
6,1,6,"(37.541112, -122.853665)","(37.541112, -122.801248)","(37.499445, -122.801248)","(37.499445, -122.853665)",37.520279,-122.827457,10.31,14.0,"POLYGON((-122.853665 37.541112, -122.801248 37.541112, -122.801248 37.499445, -122.853665 37.499445, -122.853665 37.541112))"
7,1,7,"(37.541112, -122.801248)","(37.541112, -122.748831)","(37.499445, -122.748831)","(37.499445, -122.801248)",37.520279,-122.77504,11.18,26.6,"POLYGON((-122.801248 37.541112, -122.748831 37.541112, -122.748831 37.499445, -122.801248 37.499445, -122.801248 37.541112))"
8,1,8,"(37.541112, -122.748831)","(37.541112, -122.696414)","(37.499445, -122.696414)","(37.499445, -122.748831)",37.520279,-122.722623,12.5,36.9,"POLYGON((-122.748831 37.541112, -122.696414 37.541112, -122.696414 37.499445, -122.748831 37.499445, -122.748831 37.541112))"
9,1,9,"(37.541112, -122.696414)","(37.541112, -122.643997)","(37.499445, -122.643997)","(37.499445, -122.696414)",37.520279,-122.670206,14.14,45.0,"POLYGON((-122.696414 37.541112, -122.643997 37.541112, -122.643997 37.499445, -122.696414 37.499445, -122.696414 37.541112))"
10,2,1,"(37.499445, -123.115751)","(37.499445, -123.063334)","(37.457779, -123.063334)","(37.457779, -123.115751)",37.478612,-123.089542,12.5,306.9,"POLYGON((-123.115751 37.499445, -123.063334 37.499445, -123.063334 37.457779, -123.115751 37.457779, -123.115751 37.499445))"
11,2,2,"(37.499445, -123.063334)","(37.499445, -123.010917)","(37.457779, -123.010917)","(37.457779, -123.063334)",37.478612,-123.037125,10.61,315.0,"POLYGON((-123.063334 37.499445, -123.010917 37.499445, -123.010917 37.457779, -123.063334 37.457779, -123.063334 37.499445))"
12,2,3,"(37.499445, -123.010917)","(37.499445, -122.958500)","(37.457779, -122.958500)","(37.457779, -123.010917)",37.478612,-122.984708,9.01,326.3,"POLYGON((-123.010917 37.499445, -122.958500 37.499445, -122.958500 37.457779, -123.010917 37.457779, -123.010917 37.499445))"
13,2,4,"(37.499445, -122.958500)","(37.499445, -122.906083)","(37.457779, -122.906083)","(37.457779, -122.958500)",37.478612,-122.932291,7.91,341.6,"POLYGON((-122.958500 37.499445, -122.906083 37.499445, -122.906083 37.457779, -122.958500 37.457779, -122.958500 37.499445))"
14,2,5,"(37.499445, -122.906083)","(37.499445, -122.853665)","(37.457779, -122.853665)","(37.457779, -122.906083)",37.478612,-122.879874,7.5,0.0,"POLYGON((-122.906083 37.499445, -122.853665 37.499445, -122.853665 37.457779, -122.906083 37.457779, -122.906083 37.499445))"
15,2,6,"(37.499445, -122.853665)","(37.499445, -122.801248)","(37.457779, -122.801248)","(37.457779, -122.853665)",37.478612,-122.827457,7.91,18.4,"POLYGON((-122.853665 37.499445, -122.801248 37.499445, -122.801248 37.457779, -122.853665 37.457779, -122.853665 37.499445))"
16,2,7,"(37.499445, -122.801248)","(37.499445, -122.748831)","(37.457779, -122.748831)","(37.457779, -122.801248)",37.478612,-122.77504,9.01,33.7,"POLYGON((-122.801248 37.499445, -122.748831 37.499445, -122.748831 37.457779, -122.801248 37.457779, -122.801248 37.499445))"
17,2,8,"(37.499445, -122.748831)","(37.499445, -122.696414)","(37.457779, -122.696414)","(37.457779, -122.748831)",37.478612,-122.722623,10.61,45.0,"POLYGON((-122.748831 37.499445, -122.696414 37.499445, -122.696414 37.457779, -122.748831 37.457779, -122.748831 37.499445))"
18,2,9,"(37.499445, -122.696414)","(37.499445, -122.643997)","(37.457779, -122.643997)","(37.457779, -122.696414)",37.478612,-122.670206,12.5,53.1,"POLYGON((-122.696414 37.499445, -122.643997 37.499445, -122.643997 37.457779, -122.696414 37.457779, -122.696414 37.499445))"
19,3,1,"(37.457779, -123.115751)","(37.457779, -123.063334)","(37.416112, -123.063334)","(37.416112, -123.115751)",37.436945,-123.089542,11.18,296.6,"POLYGON((-123.115751 37.457779, -123.063334 37.457779, -123.063334 37.416112, -123.115751 37.416112, -123.115751 37.457779))"
20,3,2,"(37.457779, -123.063334)","(37.457779, -123.010917)","(37.416112, -123.010917)","(37.416112, -123.063334)",37.436945,-123.037125,9.01,303.7,"POLYGON((-123.063334 37.457779, -123.010917 37.457779, -123.010917 37.416112, -123.063334 37.416112, -123.063334 37.457779))"
21,3,3,"(37.457779, -123.010917)","(37.457779, -122.958500)","(37.416112, -122.958500)","(37.416112, -123.010917)",37.436945,-122.984708,7.07,315.0,"POLYGON((-123.010917 37.457779, -122.958500 37.457779, -122.958500 37.416112, -123.010917 37.416112, -123.010917 37.457779))"
22,3,4,"(37.457779, -122.958500)","(37.457779, -122.906083)","(37.416112, -122.906083)","(37.416112, -122.958500)",37.436945,-122.932291,5.59,333.4,"POLYGON((-122.958500 37.457779, -122.906083 37.457779, -122.906083 37.416112, -122.958500 37.416112, -122.958500 37.457779))"
23,3,5,"(37.457779, -122.906083)","(37.457779, -122.853665)","(37.416112, -122.853665)","(37.416112, -122.906083)",37.436945,-122.879874,5.0,0.0,"POLYGON((-122.906083 37.457779, -122.853665 37.457779, -122.853665 37.416112, -122.906083 37.416112, -122.906083 37.457779))"
24,3,6,"(37.457779, -122.853665)","(37.457779, -122.801248)","(37.416112, -122.801248)","(37.416112, -122.853665)",37.436945,-122.827457,5.59,26.6,"POLYGON((-122.853665 37.457779, -122.801248 37.457779, -122.801248 37.416112, -122.853665 37.416112, -122.853665 37.457779))"
25,3,7,"(37.457779, -122.801248)","(37.457779, -122.748831)","(37.416112, -122.748831)","(37.416112, -122.801248)",37.436945,-122.77504,7.07,45.0,"POLYGON((-122.801248 37.457779, -122.748831 37.457779, -122.748831 37.416112, -122.801248 37.416112, -122.801248 37.457779))"
26,3,8,"(37.457779, -122.748831)","(37.457779, -122.696414)","(37.416112, -122.696414)","(37.416112, -122.748831)",37.436945,-122.722623,9.01,56.3,"POLYGON((-122.748831 37.457779, -122.696414 37.457779, -122.696414 37.416112, -122.748831 37.416112, -122.748831 37.457779))"
27,3,9,"(37.457779, -122.696414)","(37.457779, -122.643997)","(37.416112, -122.643997)","(37.416112, -122.696414)",37.436945,-122.670206,11.18,63.4,"POLYGON((-122.696414 37.457779, -122.643997 37.457779, -122.643997 37.416112, -122.696414 37.416112, -122.696414 37.457779))"
28,4,1,"(37.416112, -123.115751)","(37.416112, -123.063334)","(37.374445, -123.063334)","(37.374445, -123.115751)",37.395279,-123.089542,10.31,284.0,"POLYGON((-123.115751 37.416112, -123.063334 37.416112, -123.063334 37.374445, -123.115751 37.374445, -123.115751 37.416112))"
29,4,2,"(37.416112, -123.063334)","(37.416112, -123.010917)","(37.374445, -123.010917)","(37.374445, -123.063334)",37.395279,-123.037125,7.91,288.4,"POLYGON((-123.063334 37.416112, -123.010917 37.416112, -123.010917 37.374445, -123.063334 37.374445, -123.063334 37.416112))"
30,4,3,"(37.416112, -123.010917)","(37.416112, -122.958500)","(37.374445, -122.958500)","(37.374445, -123.010917)",37.395279,-122.984708,5.59,296.6,"POLYGON((-123.010917 37.416112, -122.958500 37.416112, -122.958500 37.374445, -123.010917 37.374445, -123.010917 37.416112))"
31,4,4,"(37.416112, -122.958500)","(37.416112, -122.906083)","(37.374445, -122.906083)","(37.374445, -122.958500)",37.395279,-122.932291,3.54,315.0,"POLYGON((-122.958500 37.416112, -122.906083 37.416112, -122.906083 37.374445, -122.958500 37.374445, -122.958500 37.416112))"
32,4,5,"(37.416112, -122.906083)","(37.416112, -122.853665)","(37.374445, -122.853665)","(37.374445, -122.906083)",37.395279,-122.879874,2.5,0.0,"POLYGON((-122.906083 37.416112, -122.853665 37.416112, -122.853665 37.374445, -122.906083 37.374445, -122.906083 37.416112))"
33,4,6,"(37.416112, -122.853665)","(37.416112, -122.801248)","(37.374445, -122.801248)","(37.374445, -122.853665)",37.395279,-122.827457,3.54,45.0,"POLYGON((-122.853665 37.416112, -122.801248 37.416112, -122.801248 37.374445, -122.853665 37.374445, -122.853665 37.416112))"
34,4,7,"(37.416112, -122.801248)","(37.416112, -122.748831)","(37.374445, -122.748831)","(37.374445, -122.801248)",37.395279,-122.77504,5.59,63.4,"POLYGON((-122.801248 37.416112, -122.748831 37.416112, -122.748831 37.374445, -122.801248 37.374445, -122.801248 37.416112))"
35,4,8,"(37.416112, -122.748831)","(37.416112, -122.696414)","(37.374445, -122.696414)","(37.374445, -122.748831)",37.395279,-122.722623,7.91,71.6,"POLYGON((-122.748831 37.416112, -122.696414 37.416112, -122.696414 37.374445, -122.748831 37.374445, -122.748831 37.416112))"
36,4,9,"(37.416112, -122.696414)","(37.416112, -122.643997)","(37.374445, -122.643997)","(37.374445, -122.696414)",37.395279,-122.670206,10.31,76.0,"POLYGON((-122.696414 37.416112, -122.643997 37.416112, -122.643997 37.374445, -122.696414 37.374445, -122.696414 37.416112))"
37,5,1,"(37.374445, -123.115751)","(37.374445, -123.063334)","(37.332779, -123.063334)","(37.332779, -123.115751)",37.353612,-123.089542,10.0,270.0,"POLYGON((-123.115751 37.374445, -123.063334 37.374445, -123.063334 37.332779, -123.115751 37.332779, -123.115751 37.374445))"
38,5,2,"(37.374445, -123.063334)","(37.374445, -123.010917)","(37.332779, -123.010917)","(37.332779, -123.063334)",37.353612,-123.037125,7.5,270.0,"POLYGON((-123.063334 37.374445, -123.010917 37.374445, -123.010917 37.332779, -123.063334 37.332779, -123.063334 37.374445))"
39,5,3,"(37.374445, -123.010917)","(37.374445, -122.958500)","(37.332779, -122.958500)","(37.332779, -123.010917)",37.353612,-122.984708,5.0,270.0,"POLYGON((-123.010917 37.374445, -122.958500 37.374445, -122.958500 37.332779, -123.010917 37.332779, -123.010917 37.374445))"
40,5,4,"(37.374445, -122.958500)","(37.374445, -122.906083)","(37.332779, -122.906083)","(37.332779, -122.958500)",37.353612,-122.932291,2.5,270.0,"POLYGON((-122.958500 37.374445, -122.906083 37.374445, -122.906083 37.332779, -122.958500 37.332779, -122.958500 37.374445))"
41,5,5,"(37.374445, -122.906083)","(37.374445, -122.853665)","(37.332779, -122.853665)","(37.332779, -122.906083)",37.353612,-122.879874,0.0,,"POLYGON((-122.906083 37.374445, -122.853665 37.374445, -122.853665 37.332779, -122.906083 37.332779, -122.906083 37.374445))"
42,5,6,"(37.374445, -122.853665)","(37.374445, -122.801248)","(37.332779, -122.801248)","(37.332779, -122.853665)",37.353612,-122.827457,2.5,90.0,"POLYGON((-122.853665 37.374445, -122.801248 37.374445, -122.801248 37.332779, -122.853665 37.332779, -122.853665 37.374445))"
43,5,7,"(37.374445, -122.801248)","(37.374445, -122.748831)","(37.332779, -122.748831)","(37.332779, -122.801248)",37.353612,-122.77504,5.0,90.0,"POLYGON((-122.801248 37.374445, -122.748831 37.374445, -122.748831 37.332779, -122.801248 37.332779, -122.801248 37.374445))"
44,5,8,"(37.374445, -122.748831)","(37.374445, -122.696414)","(37.332779, -122.696414)","(37.332779, -122.748831)",37.353612,-122.722623,7.5,90.0,"POLYGON((-122.748831 37.374445, -122.696414 37.374445, -122.696414 37.332779, -122.748831 37.332779, -122.748831 37.374445))"
45,5,9,"(37.374445, -122.696414)","(37.374445, -122.643997)","(37.332779, -122.643997)","(37.332779, -122.696414)",37.353612,-122.670206,10.0,90.0,"POLYGON((-122.696414 37.374445, -122.643997 37.374445, -122.643997 37.332779, -122.696414 37.332779, -122.696414 37.374445))"
46,6,1,"(37.332779, -123.115751)","(37.332779, -123.063334)","(37.291112, -123.063334)","(37.291112, -123.115751)",37.311945,-123.089542,10.31,256.0,"POLYGON((-123.115751 37.332779, -123.063334 37.332779, -123.063334 37.291112, -123.115751 37.291112, -123.115751 37.332779))"
47,6,2,"(37.332779, -123.063334)","(37.332779, -123.010917)","(37.291112, -123.010917)","(37.291112, -123.063334)",37.311945,-123.037125,7.91,251.6,"POLYGON((-123.063334 37.332779, -123.010917 37.332779, -123.010917 37.291112, -123.063334 37.291112, -123.063334 37.332779))"
48,6,3,"(37.332779, -123.010917)","(37.332779, -122.958500)","(37.291112, -122.958500)","(37.291112, -123.010917)",37.311945,-122.984708,5.59,243.4,"POLYGON((-123.010917 37.332779, -122.958500 37.332779, -122.958500 37.291112, -123.010917 37.291112, -123.010917 37.332779))"
49,6,4,"(37.332779, -122.958500)","(37.332779, -122.906083)","(37.291112, -122.906083)","(37.291112, -122.958500)",37.311945,-122.932291,3.54,225.0,"POLYGON((-122.958500 37.332779, -122.906083 37.332779, -122.906083 37.291112, -122.958500 37.291112, -122.958500 37.332779))"
50,6,5,"(37.332779, -122.906083)","(37.332779, -122.853665)","(37.291112, -122.853665)","(37.291112, -122.906083)",37.311945,-122.879874,2.5,180.0,"POLYGON((-122.906083 37.332779, -122.853665 37.332779, -122.853665 37.291112, -122.906083 37.291112, -122.906083 37.332779))"
51,6,6,"(37.332779, -122.853665)","(37.332779, -122.801248)","(37.291112, -122.801248)","(37.291112, -122.853665)",37.311945,-122.827457,3.54,135.0,"POLYGON((-122.853665 37.332779, -122.801248 37.332779, -122.801248 37.291112, -122.853665 37.291112, -122.853665 37.332779))"
52,6,7,"(37.332779, -122.801248)","(37.332779, -122.748831)","(37.291112, -122.748831)","(37.291112, -122.801248)",37.311945,-122.77504,5.59,116.6,"POLYGON((-122.801248 37.332779, -122.748831 37.332779, -122.748831 37.291112, -122.801248 37.291112, -122.801248 37.332779))"
53,6,8,"(37.332779, -122.748831)","(37.332779, -122.696414)","(37.291112, -122.696414)","(37.291112, -122.748831)",37.311945,-122.722623,7.91,108.4,"POLYGON((-122.748831 37.332779, -122.696414 37.332779, -122.696414 37.291112, -122.748831 37.291112, -122.748831 37.332779))"
54,6,9,"(37.332779, -122.696414)","(37.332779, -122.643997)","(37.291112, -122.643997)","(37.291112, -122.696414)",37.311945,-122.670206,10.31,104.0,"POLYGON((-122.696414 37.332779, -122.643997 37.332779, -122.643997 37.291112, -122.696414 37.291112, -122.696414 37.332779))"
55,7,1,"(37.291112, -123.115751)","(37.291112, -123.063334)","(37.249445, -123.063334)","(37.249445, -123.115751)",37.270279,-123.089542,11.18,243.4,"POLYGON((-123.115751 37.291112, -123.063334 37.291112, -123.063334 37.249445, -123.115751 37.249445, -123.115751 37.291112))"
56,7,2,"(37.291112, -123.063334)","(37.291112, -123.010917)","(37.249445, -123.010917)","(37.249445, -123.063334)",37.270279,-123.037125,9.01,236.3,"POLYGON((-123.063334 37.291112, -123.010917 37.291112, -123.010917 37.249445, -123.063334 37.249445, -123.063334 37.291112))"
57,7,3,"(37.291112, -123.010917)","(37.291112, -122.958500)","(37.249445, -122.958500)","(37.249445, -123.010917)",37.270279,-122.984708,7.07,225.0,"POLYGON((-123.010917 37.291112, -122.958500 37.291112, -122.958500 37.249445, -123.010917 37.249445, -123.010917 37.291112))"
58,7,4,"(37.291112, -122.958500)","(37.291112, -122.906083)","(37.249445, -122.906083)","(37.249445, -122.958500)",37.270279,-122.932291,5.59,206.6,"POLYGON((-122.958500 37.291112, -122.906083 37.291112, -122.906083 37.249445, -122.958500 37.249445, -122.958500 37.291112))"
59,7,5,"(37.291112, -122.906083)","(37.291112, -122.853665)","(37.249445, -122.853665)","(37.249445, -122.906083)",37.270279,-122.879874,5.0,180.0,"POLYGON((-122.906083 37.291112, -122.853665 37.291112, -122.853665 37.249445, -122.906083 37.249445, -122.906083 37.291112))"
60,7,6,"(37.291112, -122.853665)","(37.291112, -122.801248)","(37.249445, -122.801248)","(37.249445, -122.853665)",37.270279,-122.827457,5.59,153.4,"POLYGON((-122.853665 37.291112, -122.801248 37.291112, -122.801248 37.249445, -122.853665 37.249445, -122.853665 37.291112))"
61,7,7,"(37.291112, -122.801248)","(37.291112, -122.748831)","(37.249445, -122.748831)","(37.249445, -122.801248)",37.270279,-122.77504,7.07,135.0,"POLYGON((-122.801248 37.291112, -122.748831 37.291112, -122.748831 37.249445, -122.801248 37.249445, -122.801248 37.291112))"
62,7,8,"(37.291112, -122.748831)","(37.291112, -122.696414)","(37.249445, -122.696414)","(37.249445, -122.748831)",37.270279,-122.722623,9.01,123.7,"POLYGON((-122.748831 37.291112, -122.696414 37.291112, -122.696414 37.249445, -122.748831 37.249445, -122.748831 37.291112))"
63,7,9,"(37.291112, -122.696414)","(37.291112, -122.643997)","(37.249445, -122.643997)","(37.249445, -122.696414)",37.270279,-122.670206,11.18,116.6,"POLYGON((-122.696414 37.291112, -122.643997 37.291112, -122.643997 37.249445, -122.696414 37.249445, -122.696414 37.291112))"
64,8,1,"(37.249445, -123.115751)","(37.249445, -123.063334)","(37.207779, -123.063334)","(37.207779, -123.115751)",37.228612,-123.089542,12.5,233.1,"POLYGON((-123.115751 37.249445, -123.063334 37.249445, -123.063334 37.207779, -123.115751 37.207779, -123.115751 37.249445))"
65,8,2,"(37.249445, -123.063334)","(37.249445, -123.010917)","(37.207779, -123.010917)","(37.207779, -123.063334)",37.228612,-123.037125,10.61,225.0,"POLYGON((-123.063334 37.249445, -123.010917 37.249445, -123.010917 37.207779, -123.063334 37.207779, -123.063334 37.249445))"
66,8,3,"(37.249445, -123.010917)","(37.249445, -122.958500)","(37.207779, -122.958500)","(37.207779, -123.010917)",37.228612,-122.984708,9.01,213.7,"POLYGON((-123.010917 37.249445, -122.958500 37.249445, -122.958500 37.207779, -123.010917 37.207779, -123.010917 37.249445))"
67,8,4,"(37.249445, -122.958500)","(37.249445, -122.906083)","(37.207779, -122.906083)","(37.207779, -122.958500)",37.228612,-122.932291,7.91,198.4,"POLYGON((-122.958500 37.249445, -122.906083 37.249445, -122.906083 37.207779, -122.958500 37.207779, -122.958500 37.249445))"
68,8,5,"(37.249445, -122.906083)","(37.249445, -122.853665)","(37.207779, -122.853665)","(37.207779, -122.906083)",37.228612,-122.879874,7.5,180.0,"POLYGON((-122.906083 37.249445, -122.853665 37.249445, -122.853665 37.207779, -122.906083 37.207779, -122.906083 37.249445))"
69,8,6,"(37.249445, -122.853665)","(37.249445, -122.801248)","(37.207779, -122.801248)","(37.207779, -122.853665)",37.228612,-122.827457,7.91,161.6,"POLYGON((-122.853665 37.249445, -122.801248 37.249445, -122.801248 37.207779, -122.853665 37.207779, -122.853665 37.249445))"
70,8,7,"(37.249445, -122.801248)","(37.249445, -122.748831)","(37.207779, -122.748831)","(37.207779, -122.801248)",37.228612,-122.77504,9.01,146.3,"POLYGON((-122.801248 37.249445, -122.748831 37.249445, -122.748831 37.207779, -122.801248 37.207779, -122.801248 37.249445))"
71,8,8,"(37.249445, -122.748831)","(37.249445, -122.696414)","(37.207779, -122.696414)","(37.207779, -122.748831)",37.228612,-122.722623,10.61,135.0,"POLYGON((-122.748831 37.249445, -122.696414 37.249445, -122.696414 37.207779, -122.748831 37.207779, -122.748831 37.249445))"
72,8,9,"(37.249445, -122.696414)","(37.249445, -122.643997)","(37.207779, -122.643997)","(37.207779, -122.696414)",37.228612,-122.670206,12.5,126.9,"POLYGON((-122.696414 37.249445, -122.643997 37.249445, -122.643997 37.207779, -122.696414 37.207779, -122.696414 37.249445))"
73,9,1,"(37.207779, -123.115751)","(37.207779, -123.063334)","(37.166112, -123.063334)","(37.166112, -123.115751)",37.186945,-123.089542,14.14,225.0,"POLYGON((-123.115751 37.207779, -123.063334 37.207779, -123.063334 37.166112, -123.115751 37.166112, -123.115751 37.207779))"
74,9,2,"(37.207779, -123.063334)","(37.207779, -123.010917)","(37.166112, -123.010917)","(37.166112, -123.063334)",37.186945,-123.037125,12.5,216.9,"POLYGON((-123.063334 37.207779, -123.010917 37.207779, -123.010917 37.166112, -123.063334 37.166112, -123.063334 37.207779))"
75,9,3,"(37.207779, -123.010917)","(37.207779, -122.958500)","(37.166112, -122.958500)","(37.166112, -123.010917)",37.186945,-122.984708,11.18,206.6,"POLYGON((-123.010917 37.207779, -122.958500 37.207779, -122.958500 37.166112, -123.010917 37.166112, -123.010917 37.207779))"
76,9,4,"(37.207779, -122.958500)","(37.207779, -122.906083)","(37.166112, -122.906083)","(37.166112, -122.958500)",37.186945,-122.932291,10.31,194.0,"POLYGON((-122.958500 37.207779, -122.906083 37.207779, -122.906083 37.166112, -122.958500 37.166112, -122.958500 37.207779))"
77,9,5,"(37.207779, -122.906083)","(37.207779, -122.853665)","(37.166112, -122.853665)","(37.166112, -122.906083)",37.186945,-122.879874,10.0,180.0,"POLYGON((-122.906083 37.207779, -122.853665 37.207779, -122.853665 37.166112, -122.906083 37.166112, -122.906083 37.207779))"
78,9,6,"(37.207779, -122.853665)","(37.207779, -122.801248)","(37.166112, -122.801248)","(37.166112, -122.853665)",37.186945,-122.827457,10.31,166.0,"POLYGON((-122.853665 37.207779, -122.801248 37.207779, -122.801248 37.166112, -122.853665 37.166112, -122.853665 37.207779))"
79,9,7,"(37.207779, -122.801248)","(37.207779, -122.748831)","(37.166112, -122.748831)","(37.166112, -122.801248)",37.186945,-122.77504,11.18,153.4,"POLYGON((-122.801248 37.207779, -122.748831 37.207779, -122.748831 37.166112, -122.801248 37.166112, -122.801248 37.207779))"
80,9,8,"(37.207779, -122.748831)","(37.207779, -122.696414)","(37.166112, -122.696414)","(37.166112, -122.748831)",37.186945,-122.722623,12.5,143.1,"POLYGON((-122.748831 37.207779, -122.696414 37.207779, -122.696414 37.166112, -122.748831 37.166112, -122.748831 37.207779))"
81,9,9,"(37.207779, -122.696414)","(37.207779, -122.643997)","(37.166112, -122.643997)","(37.166112, -122.696414)",37.186945,-122.670206,14.14,135.0,"POLYGON((-122.696414 37.207779, -122.643997 37.207779, -122.643997 37.166112, -122.696414 37.166112, -122.696414 37.207779))"
